Headline,URL
Refugees sent to Rwanda from remote UK island speak to BBC,https://www.bbc.com/news/articles/c511kkwej7jo
How to watch the BBC debate,https://www.bbc.comhttps://www.bbc.co.uk/news/live/uk-politics-69098963?ns_mchannel=social&ns_source=twitter&ns_campaign=bbc_live&ns_linkname=6662c99b4736400cb3a86e24%26%262024-06-07T10%3A47%3A35.760Z&ns_fee=0&pinned_post_locator=urn:asset:edf5e9bb-685d-4527-9098-a1088aa91643&pinned_post_asset_id=6662c99b4736400cb3a86e24&pinned_post_type=share
US astronauts greeted with hugs and claps at space station,https://www.bbc.com/news/articles/c8vvrrv1mg1o
Records set in heatwave plaguing US Southwest,https://www.bbc.com/news/articles/cn007eqpzwpo
The right could win big in Europe – thanks to young people,https://www.bbc.com/news/articles/cqqq952e3v6o
How to watch the BBC debate,https://www.bbc.comhttps://www.bbc.co.uk/news/live/uk-politics-69098963?ns_mchannel=social&ns_source=twitter&ns_campaign=bbc_live&ns_linkname=6662c99b4736400cb3a86e24%26%262024-06-07T10%3A47%3A35.760Z&ns_fee=0&pinned_post_locator=urn:asset:edf5e9bb-685d-4527-9098-a1088aa91643&pinned_post_asset_id=6662c99b4736400cb3a86e24&pinned_post_type=share
Divers join search for missing Michael Mosley,https://www.bbc.com/news/articles/cl552xdq79do
The devastating cost of fighting Myanmar's military dictatorship,https://www.bbc.com/news/articles/cydd87gen62o
Woman sues Netflix over Baby Reindeer character,https://www.bbc.com/news/articles/c6ppe84jq6do
US astronauts greeted with hugs and claps at space station,https://www.bbc.com/news/articles/c8vvrrv1mg1o
Fatal black bear attack a first in California history,https://www.bbc.com/news/articles/cw445jn5pqpo
US urges Israel to be transparent over Gaza school strike,https://www.bbc.com/news/articles/cekkd8k2gy9o
Netanyahu to address US Congress on 24 July,https://www.bbc.com/news/articles/c4nnj93pe4yo
Hunter Biden's ex-girlfriend 'panicked' after finding gun,https://www.bbc.com/news/articles/c9xxn32yr2lo
Why is Taylor Swift so big? 'She wants it more than anyone',https://www.bbc.com/news/articles/cpvvx9lwl0do
Features & analysis,https://www.bbc.com/news/articles/c2qqxqgp9yno
Concern rises over AI in adult entertainment,https://www.bbc.com/news/articles/c2qqxqgp9yno
Key family players at Hunter Biden's gun trial,https://www.bbc.com/news/articles/c800rw2ynjgo
Why is Nvidia boss the 'Taylor Swift of tech'?,https://www.bbc.com/news/articles/cq55ek28z98o
Why Canadians are angry with their biggest supermarket,https://www.bbc.com/news/articles/cd11ywyg6p0o
Weekly quiz: Which runaway horse will wish the King a happy birthday?,https://www.bbc.com/news/world-69097605
Key family players at Hunter Biden's gun trial,https://www.bbc.com/news/articles/c800rw2ynjgo
Down the Rabbit hole: Pocket-sized AI gadget put to the test,https://www.bbc.com/news/articles/ce5571gvl3xo
What happens if you take too much caffeine,https://www.bbc.com/future/article/20240605-what-happens-if-you-take-too-much-caffeine-and-how-much-is-too-much
Why is Nvidia boss the 'Taylor Swift of tech'?,https://www.bbc.com/news/articles/cq55ek28z98o
Most watched,https://www.bbc.com/news/articles/c8vvrrv1mg1o
Astronauts in Boeing capsule arrive at space station,https://www.bbc.com/news/articles/c8vvrrv1mg1o
'Wanna feed the giraffe?' Moment toddler grabbed from truck,https://www.bbc.com/news/videos/cl44z1ne6e1o
Zelensky and D-Day veteran call each other 'hero',https://www.bbc.com/news/articles/cd11rej2qy8o
Trump fans brave blazing Arizona heat to attend event,https://www.bbc.com/news/articles/clkk4x3m3z0o
Veteran reads D-Day letter he sent home in 1944,https://www.bbc.com/news/videos/czdd15p7lpxo
Also in news,https://www.bbc.com/news/articles/c3ggn4exnr0o
EU elections start with tight Dutch race - exit poll,https://www.bbc.com/news/articles/c3ggn4exnr0o
Hiker finds pipe feeding China's tallest waterfall,https://www.bbc.com/news/articles/cp99l9gpzwgo
Australia's 'Space Gandalf' astronomer dies aged 62,https://www.bbc.com/news/articles/cl7744p258yo
Huge cricket upset wakes US from 100-year 'hibernation',https://www.bbc.com/sport/cricket/articles/cy990k0lwl7o
Modi to be sworn in as India's PM on Sunday,https://www.bbc.com/news/articles/c999v798e91o
Hiker finds pipe feeding China's tallest waterfall,https://www.bbc.com/news/articles/cp99l9gpzwgo
Extreme heat sends 11 to hospital at Arizona Trump rally,https://www.bbc.com/news/articles/crgge744qpeo
Zelensky and D-Day veteran call each other 'hero',https://www.bbc.com/news/articles/cd11rej2qy8o
'Wanna feed the giraffe?' Moment toddler grabbed from truck,https://www.bbc.com/news/videos/cl44z1ne6e1o
Australia's 'Space Gandalf' astronomer dies aged 62,https://www.bbc.com/news/articles/cl7744p258yo
Most read,https://www.bbc.com/news/articles/cp99l9gpzwgo
Hiker finds pipe feeding China's tallest waterfall,https://www.bbc.com/news/articles/cp99l9gpzwgo
Divers join search for missing Michael Mosley,https://www.bbc.com/news/articles/cl552xdq79do
Woman sues Netflix over Baby Reindeer character,https://www.bbc.com/news/articles/c6ppe84jq6do
Refugees sent to Rwanda from remote UK island speak to BBC,https://www.bbc.com/news/articles/c511kkwej7jo
Records set in heatwave plaguing US Southwest,https://www.bbc.com/news/articles/cn007eqpzwpo
Concern rises over AI in adult entertainment,https://www.bbc.com/news/articles/c2qqxqgp9yno
Fatal black bear attack a first in California history,https://www.bbc.com/news/articles/cw445jn5pqpo
Why Canadians are angry with their biggest supermarket,https://www.bbc.com/news/articles/cd11ywyg6p0o
Why is Taylor Swift so big? 'She wants it more than anyone',https://www.bbc.com/news/articles/cpvvx9lwl0do
The right could win big in Europe – thanks to young people,https://www.bbc.com/news/articles/cqqq952e3v6o
Sport,https://www.bbc.com/sport/tennis/live/c800d7d6g0jt
French Open semi-finals: Sinner leads Alcaraz by set and break - radio & text,https://www.bbc.com/sport/tennis/live/c800d7d6g0jt
Euro 2024 build-up: England squad reaction & Scotland latest,https://www.bbc.com/sport/football/live/c9xxn531wljt
Zverev's domestic abuse case discontinued,https://www.bbc.com/sport/tennis/articles/cw44pggrl7zo
'Unbelievable win over Pakistan a big day for US cricket',https://www.bbc.com/sport/cricket/videos/cj55e9e8j5po
Johnson-Thompson trails Thiam in heptathlon at Euros,https://www.bbc.com/sport/athletics/articles/c8441kgq14no
Euro 2024 build-up: England squad reaction & Scotland latest,https://www.bbc.com/sport/football/live/c9xxn531wljt
Sensational upset awakens USA from 100-year cricketing hibernation,https://www.bbc.com/sport/cricket/articles/cy990k0lwl7o
Rydstrom & Hurzeler among Brighton contenders,https://www.bbc.com/sport/football/articles/crggep5049po
Zverev's domestic abuse case discontinued,https://www.bbc.com/sport/tennis/articles/cw44pggrl7zo
